{
    "value0": {
        "T_imu_cam": [
            {
                "px": -0.031769016,
                "py": -0.001912698,
                "pz": 0.014030927,
                "qx": 0.0006719443483190745,
                "qy": 0.0030408000745387404,
                "qz": 0.004708778127682429,
                "qw": 0.9999840645901534
            },
            {
                "px": 0.063395082,
                "py": -0.000865279,
                "pz": 0.013686678,
                "qx": 0.0007689668853627389,
                "qy": 0.0017766560779279396,
                "qz": 0.004596128298378554,
                "qw": 0.9999875638165581
            }
        ],
        "intrinsics": [
            {
                "camera_type": "pinhole",
                "intrinsics": {
                    "fx": 394.6851703832661,
                    "fy": 394.62195535189863,
                    "cx": 327.306181309216,
                    "cy": 240.07621026351805
                }
            },
            {
                "camera_type": "pinhole",
                "intrinsics": {
                    "fx": 394.5555737192077,
                    "fy": 394.55775218570176,
                    "cx": 326.65019239552896,
                    "cy": 240.06261333630925
                }
            }
        ],
        "resolution": [
            [
                640,
                480
            ],
            [
                640,
                480
            ]
        ],
        "calib_accel_bias": [
            0.0,
            0.0,
            0.0,
            0.0,
            0.0,
            0.0,
            0.0,
            0.0,
            0.0
        ],
        "calib_gyro_bias": [
            0.0,
            0.0,
            0.0,
            0.0,
            0.0,
            0.0,
            0.0,
            0.0,
            0.0,
            0.0,
            0.0,
            0.0
        ],
        "imu_update_rate": 200.0,
        "accel_noise_std": [
            0.016,
            0.016,
            0.016
        ],
        "gyro_noise_std": [
            0.002,
            0.002,
            0.002
        ],
        "accel_bias_std": [
            0.001,
            0.001,
            0.001
        ],
        "gyro_bias_std": [
            0.0001,
            0.0001,
            0.0001
        ],
        "cam_time_offset_ns": 0,
        "vignette": []
    }
}
